<?xml version="1.0" encoding="UTF-8" standalone="yes"?>
<addon id="service.sabnzbd"
       name="SABnzbd"
       version="9.80.9.43"
       provider-name="thoradia">
  <requires>
    <import addon="xbmc.python" version="3.0.0"/>

    <import addon="service.locale" version="0.0.0" />
  </requires>
  <extension point="xbmc.service" library="default.py">
    <provides></provides>
  </extension>
  <extension point="xbmc.addon.metadata">
    <summary>SABnzbd: free and easy binary newsreader</summary>
    <description>
SABnzbd (3.1.1) is a program to download binary files from Usenet servers.
    </description>
    <disclaimer>
Keep it legal and carry on
    </disclaimer>
    <platform>all</platform>
    <news>
- SABnzbd version 3.1.1
    </news>
    <assets>
      <icon>resources/icon.png</icon>
      <fanart>resources/fanart.png</fanart>

    </assets>
  </extension>
</addon>
